Modelo,Emissões de CO2 (kg)
Modelo_1,0.00033060452261410577
Modelo_2,0.00023846772125331317
Modelo_3,0.00028405309709599274
Modelo_4,0.00023966895589702845
Modelo_5,0.0003315325732751875
Modelo_6,0.0002854746495006826
Modelo_7,0.00028557377780085656
Modelo_8,0.00023748227409311107
Modelo_9,0.00019262300798415558
Modelo_10,0.00023820810225883444
