Modelo,Emissões de CO2 (kg)
Modelo_1,0.00030008777927692195
Modelo_2,0.0003148027246326918
Modelo_3,0.0002993869367699039
Modelo_4,0.00029984957323818206
Modelo_5,0.0002969600547791305
Modelo_6,0.0002982523628708695
Modelo_7,0.0003142946788528053
Modelo_8,0.00029984589544733756
Modelo_9,0.0002995273690571034
Modelo_10,0.0002976679682723072
