Modelo,Emissões de CO2 (kg)
Modelo_1,0.0003005127283604097
Modelo_2,0.000253080374164198
Modelo_3,0.0002704131971506959
Modelo_4,0.0002670062463458435
Modelo_5,0.00026918023977643763
Modelo_6,0.0002115044514358682
Modelo_7,0.0003075040458950778
Modelo_8,0.00019420075500374638
Modelo_9,0.0002793787253668543
Modelo_10,0.00018712458883592535
